Datetime,Water Level (m)
2025-11-13 00:00:00,0.0019136913
2025-11-13 01:00:00,0.004033572
2025-11-13 02:00:00,0.0017733003
2025-11-13 03:00:00,-0.003966913
2025-11-13 04:00:00,-0.01122511
2025-11-13 05:00:00,-0.017982066
2025-11-13 06:00:00,-0.020278959
2025-11-13 07:00:00,-0.015306509
2025-11-13 08:00:00,-0.004698524
2025-11-13 09:00:00,0.011648411
2025-11-13 10:00:00,0.02951336
2025-11-13 11:00:00,0.046636704
2025-11-13 12:00:00,0.060675565
2025-11-13 13:00:00,0.069228925
2025-11-13 14:00:00,0.072035424
2025-11-13 15:00:00,0.06989447
2025-11-13 16:00:00,0.0641621
2025-11-13 17:00:00,0.05651292
2025-11-13 18:00:00,0.048334733
2025-11-13 19:00:00,0.04140955
2025-11-13 20:00:00,0.03954232
2025-11-13 21:00:00,0.044521652
2025-11-13 22:00:00,0.054986976
2025-11-13 23:00:00,0.06853548
2025-11-14 00:00:00,0.082590945
2025-11-14 01:00:00,0.094059385
2025-11-14 02:00:00,0.100762755
2025-11-14 03:00:00,0.10232069
2025-11-14 04:00:00,0.0997226
2025-11-14 05:00:00,0.094547115
2025-11-14 06:00:00,0.088517435
2025-11-14 07:00:00,0.08348429
2025-11-14 08:00:00,0.08300701
2025-11-14 09:00:00,0.089449465
2025-11-14 10:00:00,0.1010841
2025-11-14 11:00:00,0.11555395
2025-11-14 12:00:00,0.13046691
2025-11-14 13:00:00,0.14288133
2025-11-14 14:00:00,0.15035367
2025-11-14 15:00:00,0.15206946
2025-11-14 16:00:00,0.14884825
2025-11-14 17:00:00,0.14191784
2025-11-14 18:00:00,0.13318491
2025-11-14 19:00:00,0.12381697
2025-11-14 20:00:00,0.115585774
2025-11-14 21:00:00,0.11219085
2025-11-14 22:00:00,0.116321996
2025-11-14 23:00:00,0.12661625
2025-11-15 00:00:00,0.14159901
2025-11-15 01:00:00,0.1579215
2025-11-15 02:00:00,0.17142984
2025-11-15 03:00:00,0.17985527
2025-11-15 04:00:00,0.18231577
2025-11-15 05:00:00,0.17988512
2025-11-15 06:00:00,0.17427826
2025-11-15 07:00:00,0.16745184
2025-11-15 08:00:00,0.16079113
2025-11-15 09:00:00,0.15721168
2025-11-15 10:00:00,0.16022532
2025-11-15 11:00:00,0.1692556
2025-11-15 12:00:00,0.18177128
2025-11-15 13:00:00,0.19492103
2025-11-15 14:00:00,0.20530014
2025-11-15 15:00:00,0.21060447
2025-11-15 16:00:00,0.21008115
2025-11-15 17:00:00,0.2050396
2025-11-15 18:00:00,0.19694132
2025-11-15 19:00:00,0.18733865
2025-11-15 20:00:00,0.1774928
2025-11-15 21:00:00,0.16944297
2025-11-15 22:00:00,0.16780959
2025-11-15 23:00:00,0.17411466
2025-11-16 00:00:00,0.18638116
2025-11-16 01:00:00,0.20201747
2025-11-16 02:00:00,0.21804926
2025-11-16 03:00:00,0.23106448
2025-11-16 04:00:00,0.23869646
2025-11-16 05:00:00,0.23996854
2025-11-16 06:00:00,0.23620889
2025-11-16 07:00:00,0.22932015
2025-11-16 08:00:00,0.22126122
2025-11-16 09:00:00,0.21345094
2025-11-16 10:00:00,0.20865956
2025-11-16 11:00:00,0.21060276
2025-11-16 12:00:00,0.21893726
2025-11-16 13:00:00,0.23069751
2025-11-16 14:00:00,0.24294941
2025-11-16 15:00:00,0.25207523
2025-11-16 16:00:00,0.25552905
2025-11-16 17:00:00,0.25326723
2025-11-16 18:00:00,0.24685314
2025-11-16 19:00:00,0.23768525
2025-11-16 20:00:00,0.2274988
2025-11-16 21:00:00,0.21753787
2025-11-16 22:00:00,0.21108398
2025-11-16 23:00:00,0.21277465
2025-11-17 00:00:00,0.22242692
2025-11-17 01:00:00,0.23748565
2025-11-17 02:00:00,0.2553924
2025-11-17 03:00:00,0.27265364
2025-11-17 04:00:00,0.2856483
2025-11-17 05:00:00,0.29213184
2025-11-17 06:00:00,0.29194626
2025-11-17 07:00:00,0.28680313
2025-11-17 08:00:00,0.27907908
2025-11-17 09:00:00,0.270377
2025-11-17 10:00:00,0.26220042
2025-11-17 11:00:00,0.2583451
2025-11-17 12:00:00,0.262054
2025-11-17 13:00:00,0.2716027
2025-11-17 14:00:00,0.28379995
2025-11-17 15:00:00,0.29533106
2025-11-17 16:00:00,0.30250433
2025-11-17 17:00:00,0.303472
2025-11-17 18:00:00,0.29868925
2025-11-17 19:00:00,0.29036185
2025-11-17 20:00:00,0.28001484
2025-11-17 21:00:00,0.26912668
2025-11-17 22:00:00,0.25989372
2025-11-17 23:00:00,0.25674924
2025-11-18 00:00:00,0.26299456
2025-11-18 01:00:00,0.27622125
2025-11-18 02:00:00,0.29388472
2025-11-18 03:00:00,0.31322813
2025-11-18 04:00:00,0.3292654
2025-11-18 05:00:00,0.33992612
2025-11-18 06:00:00,0.3434916
2025-11-18 07:00:00,0.34046486
2025-11-18 08:00:00,0.33350614
2025-11-18 09:00:00,0.3246764
2025-11-18 10:00:00,0.3152921
2025-11-18 11:00:00,0.30767426
2025-11-18 12:00:00,0.30618384
2025-11-18 13:00:00,0.31177503
2025-11-18 14:00:00,0.32179335
2025-11-18 15:00:00,0.33360717
2025-11-18 16:00:00,0.34286076
2025-11-18 17:00:00,0.34646025
2025-11-18 18:00:00,0.34386262
2025-11-18 19:00:00,0.3369042
2025-11-18 20:00:00,0.3271758
2025-11-18 21:00:00,0.31616923
2025-11-18 22:00:00,0.3052795
2025-11-18 23:00:00,0.29772958
2025-11-19 00:00:00,0.2989156
